foto,name_de,name_ru,name_en,gi,gl
https://glycemic-index.net/images/ahwW0uM2TL_small.webp,"Acerola, Barbados Cherry (frisch)",Ацерола (барбадосская вишня) (свежая),"Acerola, Barbados cherry (fresh)",20,0.1
https://glycemic-index.net/images/3CjoGLpDIo_small.webp,Agavendicksaft),Сироп агавы,Agave syrup,15,11.4
https://glycemic-index.net/images/siKCB3r6Mn_small.webp,Ahornsirup,Кленовый сироп,Maple syrup,55,36.9
https://glycemic-index.net/images/Q3vMG1G5AY_small.webp,Amaranth-Samen (nicht zubereitet),Семена амаранта (неприготовленные),Amaranth seeds (not prepared),35,19.9
https://glycemic-index.net/images/hnzha4PdAG_small.webp,Ananassaft (ungesüßt),Ананасовый сок (без сахара),Pineapple juice (unsweetened),50,6.8
https://glycemic-index.net/images/RlpJpCHZ8S_small.webp,Ananassaft (zuckerfrei),Ананасовый сок (без сахара),Pineapple juice (sugar-free),50,6.4
https://glycemic-index.net/images/4dG70P8zfH_small.webp,Apfelmus (ungesüßt),Яблочное пюре (без сахара),Applesauce (unsweetened),35,4.0
https://glycemic-index.net/images/cCXy8qeuwb_small.webp,Apfelsaft,Яблочный сок,Apple juice,41,4.5
https://glycemic-index.net/images/Ijd1kHiuj4_small.webp,Apfelsaft (ungesüßt),Яблочный сок (без сахара),Apple juice (unsweetened),40,4.9
https://glycemic-index.net/images/ogjwI69crE_small.webp,Apfelsaft (zuckerfrei),Яблочный сок (без сахара),Apple juice (sugar-free),50,5.7
https://glycemic-index.net/images/BFIlOPnZz4_small.webp,Apfelwein (brut),Яблочное вино (брют / сухое),Apple wine (brut/dry),40,0.0
https://glycemic-index.net/images/fRjqU7PTwF_small.webp,Aprikose,Абрикос,Apricot,34,3.8
https://glycemic-index.net/images/1d4bn58WAS_small.webp,Artischocke,Артишок,Artichoke,20,1.2
https://glycemic-index.net/images/O6NyLgxze9_small.webp,Aubergine,Баклажан,Eggplant / Aubergine,20,1.7
https://glycemic-index.net/images/tRgdkRxZGX_small.webp,Auberginenkaviar,Икра из баклажанов (баклажанная икра),Eggplant caviar (eggplant spread),40,5.3
https://glycemic-index.net/images/8peopoG2xe_small.webp,Avocado,Авокадо,Avocado,10,0.9
https://glycemic-index.net/images/iNGuJRk9Dz_small.webp,Azuki-Bohnen,Бобы азуки,Azuki beans,35,22.0
https://glycemic-index.net/images/2IvNNiERsz_small.webp,Balsamico Essig,Бальзамический уксус,Balsamic vinegar,5,2.8
https://glycemic-index.net/images/9Z0EIjkt2b_small.webp,Bambussprossen,Бамбуковые побеги,Bamboo shoots,20,1.0
https://glycemic-index.net/images/yDbX2xGsd8_small.webp,Banane,Банан,Banana,48,10.1
https://glycemic-index.net/images/OHYOEJA4T3_small.webp,Bananen (getrocknet),Бананы (сушёные),Bananas (dried),48,42.4
https://glycemic-index.net/images/GFjQzLnAXd_small.webp,Bananenkuchen,Банановый кекс,Banana cake,47,17.1
https://glycemic-index.net/images/2WVqoUvNGi_small.webp,Basilikum,Базилик,Basil,5,0.1
https://glycemic-index.net/images/vTHpg7HtmV_small.webp,Basmati-Reis,Рис басмати,Basmati rice,50,37.5
https://glycemic-index.net/images/TGY0LIR1Re_small.webp,Birne (frisches Obst),Груша (свежая),Pear (fresh),30,4.7
https://glycemic-index.net/images/jNPZAM6f5s_small.webp,Birnen (getrocknet),Груши (сушёные),Pears (dried),43,26.9
https://glycemic-index.net/images/GGH43X4dE9_small.webp,Birnensaft,Грушёвый сок,Pear juice,50,5.5
https://glycemic-index.net/images/4Wfxb8Baom_small.webp,Blaubeere,Черника,Blueberry,25,2.0
https://glycemic-index.net/images/Ub9RWxuI2j_small.webp,Blaubeeren,Черника (плоды),Blueberries,53,4.0
https://glycemic-index.net/images/BXiDyNCRUt_small.webp,Blumenkohl,Цветная капуста,Cauliflower,15,0.8
https://glycemic-index.net/images/5GaqMbIM19_small.webp,Blumenkohl (frisch),Цветная капуста (свежая),Cauliflower (fresh),15,0.8
https://glycemic-index.net/images/NOL4NTt5Ht_small.webp,Bohnen (frisch),Фасоль (свежая),Beans (fresh),35,5.9
https://glycemic-index.net/images/kzaieCQPk6_small.webp,Bohnen (frisch),Фасоль (свежая),Beans (fresh),30,1.1
https://glycemic-index.net/images/3qGP0gXQWj_small.webp,"Bohnen, fava (roh)",Бобы фава (сырые),Fava beans (raw),40,7.2
https://glycemic-index.net/images/UWWlVUhauQ_small.webp,Brauhefe,Пивные дрожжи,Brewer's yeast,35,0.0
https://glycemic-index.net/images/fMDfbP6BQP_small.webp,Brokkoli,Брокколи,Broccoli,15,0.5
https://glycemic-index.net/images/qidwzyYaKm_small.webp,Brokkoli (gekocht),Брокколи (приготовленная),Broccoli (cooked),45,3.1
https://glycemic-index.net/images/uFnPRneSNu_small.webp,Brombeere (frische Beere),Ежевика (свежая),Blackberry (fresh),25,2.5
https://glycemic-index.net/images/ZSAs6KPWMg_small.webp,Brot (Haferflocken),Хлеб (с овсяными хлопьями),Bread (oat flakes),47,19.2
https://glycemic-index.net/images/S11NMCJpiu_small.webp,Brühwurst,Варёная колбаса,Boiled / cooked sausage,34,9.5
https://glycemic-index.net/images/asgQJCHvub_small.webp,Buchweizen,Гречка (гречневые крупы),Buckwheat,50,22.0
https://glycemic-index.net/images/z5MVnDf3oY_small.webp,Buchweizen-Pfannkuchen,Блины из гречневой муки,Buckwheat pancakes,40,3.6
https://glycemic-index.net/images/hHvoLuPaKi_small.webp,Buchweizenbrei,Гречневая каша,Buckwheat porridge,40,12.4
https://glycemic-index.net/images/8zyVhyjhKg_small.webp,Buchweizenbrot,Хлеб из гречневой муки,Buckwheat bread,50,22.9
https://glycemic-index.net/images/lxfnzM12V1_small.webp,Buchweizenmehl,Гречневая мука,Buckwheat flour,40,28.2
https://glycemic-index.net/images/qinE6yDVOw_small.webp,Buchweizennudeln,Гречневая лапша,Buckwheat noodles,40,28.4
https://glycemic-index.net/images/shRSHi3r4k_small.webp,Bulgur,Булгур,Bulgur,55,41.8
https://glycemic-index.net/images/XVpup0JEP8_small.webp,"Bunte Bohnen, Borlotti, römische Bohnen","Смешанные бобы (борлотти, римские)","Mixed beans (borlotti, romano)",35,12.4
https://glycemic-index.net/images/H7tLEOzAG6_small.webp,Butter,Масло (сливочное),Butter,0,0.0
https://glycemic-index.net/images/EPkvSYaRdq_small.webp,Butter (fettreich),Масло (высокой жирности),Butter (high-fat),14,0.1
https://glycemic-index.net/images/22Qww81qoh_small.webp,"Butterkekse (Mehl, Butter, Zucker)",,,55,29.1
https://glycemic-index.net/images/rfxf2bRoQD_small.webp,Capellini (Nudeln),,,45,32.9
https://glycemic-index.net/images/a3DIxo8sCL_small.webp,Cashewnüsse,,,15,4.5
https://glycemic-index.net/images/2v8yfZAKst_small.webp,Cashewnüsse,,,25,3.1
https://glycemic-index.net/images/UGJmAwsX1B_small.webp,Cashewnüsse (gesalzen),,,22,6.6
https://glycemic-index.net/images/3VGiVVttVV_small.webp,"Cassava (bitter, süß)",,,55,20.9
https://glycemic-index.net/images/E6v98RdRa2_small.webp,"Chayote (mexikanische Gurke), daraus püriert",,,50,2.3
https://glycemic-index.net/images/C4yjqAoOmL_small.webp,Cheddar,,,0,0.0
https://glycemic-index.net/images/udYCjL4S7S_small.webp,Chees Feta,,,30,1.2
https://glycemic-index.net/images/nF7TO1Z5o1_small.webp,Chia Samen (Getrocknet),,,30,12.6
https://glycemic-index.net/images/o3Z7xR6qlL_small.webp,Chicoree,,,15,0.6
https://glycemic-index.net/images/DW03Fa2ZQm_small.webp,Chicorée (Getränk),,,40,1.1
https://glycemic-index.net/images/tX5XQYK8of_small.webp,Chicorée-Sirup,,,55,5.2
https://glycemic-index.net/images/4VneAgHNVe_small.webp,Chili,,,15,1.4
https://glycemic-index.net/images/t39CrMsGgS_small.webp,Chilli Green (Frisch),,,15,1.2
https://glycemic-index.net/images/VUagXuBV2g_small.webp,Chinakohl,,,20,0.4
https://glycemic-index.net/images/n3VSoZjnD1_small.webp,Cranberries (frisch),,,45,5.5
https://glycemic-index.net/images/8J3UabrTAD_small.webp,Cranberry-Saft (ungesüßt),,,50,7.3
https://glycemic-index.net/images/GU9OblLc1E_small.webp,Cranberrysaft (zuckerfrei),,,50,7.3
https://glycemic-index.net/images/EhBFZk8Hlz_small.webp,Dessert Banane (grün),,,45,15.7
https://glycemic-index.net/images/16zs9SQ6vK_small.webp,Dill (frisch),,,25,1.6
https://glycemic-index.net/images/YclX8r4xmD_small.webp,Dillgurken,,,15,0.2
https://glycemic-index.net/images/Ed6saYe0JG_small.webp,Dinkelmehl,,,45,30.5
https://glycemic-index.net/images/radHsUC6ox_small.webp,Dinkelweizen,,,40,24.5
https://glycemic-index.net/images/iISrbxAGPy_small.webp,Dunkle Schokolade,,,23,13.8
https://glycemic-index.net/images/jN3gGbLdow_small.webp,Dunkle Schokolade (mit 85% Kakaoanteil),,,20,9.6
https://glycemic-index.net/images/Co6g9cJUJe_small.webp,Ei,,,0,0.0
https://glycemic-index.net/images/Yzd4f48rU6_small.webp,Eicheln,,,25,10.3
https://glycemic-index.net/images/1My2o1LNDj_small.webp,Eingemachte Birnen,,,55,8.6
https://glycemic-index.net/images/zkM0leMEMd_small.webp,Eis (mit Fruchtzucker),,,35,9.4
https://glycemic-index.net/images/AlJGzrxGsh_small.webp,"Eis (überfliegen, Vanille)",,,46,13.8
https://glycemic-index.net/images/3BfFy2I8w4_small.webp,Endivie,,,15,0.0
https://glycemic-index.net/images/u0pv5dl9HV_small.webp,Energieriegel (zuckerfrei),,,50,23.4
https://glycemic-index.net/images/tJsgZubgWS_small.webp,Ente,,,0,0.0
https://glycemic-index.net/images/s26xcrXfGj_small.webp,Entenbraten,,,0,0.0
https://glycemic-index.net/images/jZhGZm8sSr_small.webp,"Erbsen (gefroren, gekocht)",,,51,4.6
https://glycemic-index.net/images/UoJB6GDycG_small.webp,"Erbsen (grün, frisch)",,,35,4.5
https://glycemic-index.net/images/zPwGSLiB7f_small.webp,Erdbeeren (frische Beeren),,,25,1.9
https://glycemic-index.net/images/tBcW0FpBTy_small.webp,Erdbeermarmelade (zuckerarm),,,51,31.1
https://glycemic-index.net/images/5Bf7uGS5ZU_small.webp,Erdnuss,,,15,2.4
https://glycemic-index.net/images/BeyQwLvYFp_small.webp,Erdnussbutter (zuckerfrei),,,25,7.0
https://glycemic-index.net/images/VropOmUwsq_small.webp,Erdnussöl (zuckerfrei),,,40,8.6
https://glycemic-index.net/images/7ZMJqVeBaK_small.webp,Erdnüsse (trocken geröstet),,,15,2.3
https://glycemic-index.net/images/mqoOkISkYA_small.webp,Essig,,,15,0.0
https://glycemic-index.net/images/8RrmKbrgkU_small.webp,"Falafel (aus Bohnen, Fava)",,,40,8.4
https://glycemic-index.net/images/ghAX6A7H9R_small.webp,Feige (frisch),,,35,6.7
https://glycemic-index.net/images/T8IdV1NjmL_small.webp,Feige (getrocknet),,,50,28.9
https://glycemic-index.net/images/OCIE8nECrF_small.webp,Fenchel,,,15,1.1
https://glycemic-index.net/images/aDGqhQgmvn_small.webp,Fett (tierisch / pflanzlich),,,0,0.0
https://glycemic-index.net/images/9zSBsFlTI5_small.webp,Fettarmer Hüttenkäse,,,30,0.3
https://glycemic-index.net/images/ZKDtpmsLT6_small.webp,Fettes Schweinefleisch,,,0,0.0
https://glycemic-index.net/images/Xm4emNKUan_small.webp,Fettfreier Joghurt,,,33,2.5
https://glycemic-index.net/images/8dFVgZScWL_small.webp,Fettuccine,,,32,21.6
https://glycemic-index.net/images/5Ee9CIXd7j_small.webp,"Fisch (Lachs, Thunfisch usw,)",,,0,0.0
https://glycemic-index.net/images/1jKUr7fk7J_small.webp,"Foie Gras, Gänseleberpaste (Dosen)",,,0,0.0
https://glycemic-index.net/images/py0XoQUeh7_small.webp,Frischer Mais,,,35,1.8
https://glycemic-index.net/images/8Q8Ns6DtTK_small.webp,Frittiertes Schweinefleisch,,,0,0.0
https://glycemic-index.net/images/yVMCG2tVNR_small.webp,Fruchtjoghurt,,,52,1.5
https://glycemic-index.net/images/CuJcPbSvDE_small.webp,Fruchtzucker,,,20,20.0
https://glycemic-index.net/images/MMG1jO7NNO_small.webp,Gans,,,0,0.0
https://glycemic-index.net/images/YjqRtunCMx_small.webp,Gegrilltes Schwein,,,0,0.0
https://glycemic-index.net/images/Eh7uL13iuv_small.webp,Gekeimtes Brot,,,35,12.7
https://glycemic-index.net/images/I34w0gvAat_small.webp,Gekochte Hähnchenbrust,,,0,0.0
https://glycemic-index.net/images/mga9g33N84_small.webp,Gekochte Rinderzunge,,,0,0.0
https://glycemic-index.net/images/Wso4P4c6aK_small.webp,Gekochtes Kalbfleisch,,,0,0.0
https://glycemic-index.net/images/msynRArbnh_small.webp,Gekochtes Lamm,,,0,0.0
https://glycemic-index.net/images/20C3k0VHNM_small.webp,Gekochtes mageres Rindfleisch,,,0,0.0
https://glycemic-index.net/images/eWXFG8m9G1_small.webp,Gelbe Stachelbeere,,,15,1.8
https://glycemic-index.net/images/BnLXunwqNn_small.webp,Gemüsesuppe,,,40,2.5
https://glycemic-index.net/images/o29czTTbZ5_small.webp,Gerstengrütze,,,25,15.8
https://glycemic-index.net/images/97NoJQlzNb_small.webp,Gerstenmehl,,,30,16.8
https://glycemic-index.net/images/mn2tuUjdju_small.webp,Geschmorter Blumenkohl,,,15,0.0
https://glycemic-index.net/images/4m8CUwhVPU_small.webp,Geschälte Erbsen (frisch),,,25,15.0
https://glycemic-index.net/images/askH6YJR1n_small.webp,"Getreide, ganz (zuckerfrei)",,,45,27.3
https://glycemic-index.net/images/ANl1jITFeH_small.webp,Getrocknete Aprikosen,,,35,21.2
https://glycemic-index.net/images/Q5NlMNC7lA_small.webp,Getrocknete Datteln,,,40,27.7
https://glycemic-index.net/images/ELjBBC6wWT_small.webp,Getrocknete Pfirsiche,,,35,20.2
https://glycemic-index.net/images/zxDSMNIdvK_small.webp,Getrocknete Äpfel,,,35,20.6
https://glycemic-index.net/images/wmZALpAVw9_small.webp,Gewürze (Zimt),,,5,4.0
https://glycemic-index.net/images/SmXzPntdLT_small.webp,Gewürzgurken,,,15,0.7
https://glycemic-index.net/images/fafVAim2rr_small.webp,Goji-Beeren,,,25,13.3
https://glycemic-index.net/images/1V0htLKAiH_small.webp,Granatapfel (frisch),,,35,6.7
https://glycemic-index.net/images/vO9sNEvk4b_small.webp,Grapefruit,,,22,2.4
https://glycemic-index.net/images/nXPG3NCDo1_small.webp,Grapefruitsaft (ungesüßt),,,45,2.7
https://glycemic-index.net/images/dAshbdMr11_small.webp,Grapefruitsaft (zuckerfrei),,,45,4.5
https://glycemic-index.net/images/frINSFa2su_small.webp,Grüne Bohnen,,,30,2.1
https://glycemic-index.net/images/bt6I8gyJUh_small.webp,Grüne Erbsen (Dosen),,,45,2.9
https://glycemic-index.net/images/6g6V6jiRSm_small.webp,Grüne erbsen,,,15,1.5
https://glycemic-index.net/images/kd69Bb6D5J_small.webp,Grüner Apfel,,,36,5.0
https://glycemic-index.net/images/pmv9PBdU3P_small.webp,Gurke,,,15,0.4
https://glycemic-index.net/images/YAqLKf66dx_small.webp,Gänseschmalz,,,0,0.0
https://glycemic-index.net/images/qb6MFYGIad_small.webp,Haferflocken Kekse,,,55,39.5
https://glycemic-index.net/images/8bxS3HnzAi_small.webp,Hafermehl,,,25,3.0
https://glycemic-index.net/images/yVd2cD06HM_small.webp,Hafermilch (roh),,,69,3.5
https://glycemic-index.net/images/9TdbcFeilp_small.webp,Hammelfleisch,,,0,0.0
https://glycemic-index.net/images/59filN6ayf_small.webp,Hanfsamen (geschält),,,4,0.3
https://glycemic-index.net/images/WPbbnZFwHN_small.webp,Hartweizen-Fadennudeln,,,35,8.1
https://glycemic-index.net/images/vCSPJ2qFU8_small.webp,Hase,,,0,0.0
https://glycemic-index.net/images/EUhOCK64Jt_small.webp,Haselnuss,,,15,2.5
https://glycemic-index.net/images/5HlEsGXbZy_small.webp,Haselnüsse,,,25,2.5
https://glycemic-index.net/images/PGYLuj6x4b_small.webp,Hefe,,,35,6.3
https://glycemic-index.net/images/Zimblthphp_small.webp,Himbeeren (frische Beeren),,,25,3.0
https://glycemic-index.net/images/wtk1W7DJKe_small.webp,Huhn (gebraten),,,0,0.0
https://glycemic-index.net/images/07ZjvSLATp_small.webp,Hummus,,,25,3.5
https://glycemic-index.net/images/uuThVgsavn_small.webp,Hähnchen,,,0,0.0
https://glycemic-index.net/images/fpOsrGKd6m_small.webp,Hühner,,,0,0.0
https://glycemic-index.net/images/XtnY8OGuQN_small.webp,Hüttenkäse,,,30,0.8
https://glycemic-index.net/images/cYOHYZr595_small.webp,Hüttenkäse 9% Fett,,,30,2.7
https://glycemic-index.net/images/6oFpcMxZOK_small.webp,In Büchsen konservierte Pampelmuse,,,47,4.3
https://glycemic-index.net/images/Aybau6SglC_small.webp,Ingwer,,,15,0.6
https://glycemic-index.net/images/4o2BtUXloN_small.webp,Instant-Nudeln,,,52,29.5
https://glycemic-index.net/images/YRbyiua0Bd_small.webp,Joghurt,,,35,1.6
https://glycemic-index.net/images/hDoXco0kcA_small.webp,Joghurt,,,32,1.3
https://glycemic-index.net/images/XAZ2vcWeHu_small.webp,"Joghurt 1,5% natürlich",,,35,0.5
https://glycemic-index.net/images/et3z2A8sk9_small.webp,Johannisbrot (Johannisbrotpulver),,,15,11.7
https://glycemic-index.net/images/LzQyrmCG7E_small.webp,Kaffeebohnen,,,50,0.1
https://glycemic-index.net/images/EPFFETc4I8_small.webp,Kakaopulver (zuckerfrei),,,20,4.4
https://glycemic-index.net/images/HQboT3bWj4_small.webp,Kaktusfeige (frisches Obst),,,35,3.4
https://glycemic-index.net/images/tEvHzRjor1_small.webp,Kalbfleisch,,,0,0.0
https://glycemic-index.net/images/FinJe0M2Mt_small.webp,Kamut Mehl,,,45,32.4
https://glycemic-index.net/images/aeu1pyoZ3V_small.webp,"Kamut, ägyptischer Weizen (gekocht)",,,40,25.4
https://glycemic-index.net/images/1GC5QzO7Qq_small.webp,Kaninchen (gebraten),,,0,0.0
https://glycemic-index.net/images/uZn1Sderew_small.webp,Kapern,,,20,0.8
https://glycemic-index.net/images/9hGtLEN3gE_small.webp,Karotte (frisch),,,30,2.0
https://glycemic-index.net/images/5eqrtNS5W6_small.webp,Karottensaft (ungesüßt),,,40,2.6
https://glycemic-index.net/images/dN6YyIuKrg_small.webp,Kefir (1% Fett),,,31,1.2
https://glycemic-index.net/images/p07aOhgLuj_small.webp,Kefir (regelmäßig),,,36,1.4
https://glycemic-index.net/images/e36KenT2Zb_small.webp,Kefir fettarm,,,25,0.0
https://glycemic-index.net/images/R4TGIv63PA_small.webp,"Kekse (Vollkornmehl, zuckerfrei)",,,50,23.4
https://glycemic-index.net/images/xhMk9fovjP_small.webp,Ketchup,,,55,14.0
https://glycemic-index.net/images/bgFgOouWA1_small.webp,Kichererbsen,,,10,6.1
https://glycemic-index.net/images/hhUQfh5tMI_small.webp,Kichererbsen (in Dosen),,,35,6.8
https://glycemic-index.net/images/AskNEu0ekW_small.webp,Kichererbsenmehl,,,35,23.1
https://glycemic-index.net/images/IlKOmNKIGc_small.webp,"Kirsche (süß, frisch)",,,25,4.0
https://glycemic-index.net/images/8arwEOh4Au_small.webp,Kirschpflaume,,,25,0.0
https://glycemic-index.net/images/r9UtL7fFlV_small.webp,Kiwi,,,50,7.3
https://glycemic-index.net/images/TJEUOQfyyD_small.webp,"Kleie (Weizen, Hafer)",,,15,6.8
https://glycemic-index.net/images/ARcldg6P48_small.webp,Knoblauch,,,30,9.0
https://glycemic-index.net/images/nvHQxqAQh5_small.webp,Kohlrabi,,,20,2.1
https://glycemic-index.net/images/INdRQJZ70t_small.webp,Kokosmilch,,,40,1.1
https://glycemic-index.net/images/ex1paVt9fa_small.webp,Kokosmilch (roh),,,40,1.1
https://glycemic-index.net/images/Kcyxa6Rz3Y_small.webp,Kokosnuss,,,45,0.8
https://glycemic-index.net/images/yke7maslEy_small.webp,Kokosnusszucker,,,35,1.8
https://glycemic-index.net/images/4cXd3FsCC5_small.webp,"Krebstiere (Hummer, Krabben, Langusten)",,,5,0.1
https://glycemic-index.net/images/7cLfkoPVus_small.webp,"Käse (Mozzarella, gepresster Hüttenkäse usw,)",,,0,0.0
https://glycemic-index.net/images/I0UK8rL0CA_small.webp,Körner (gekeimt),,,15,6.2
https://glycemic-index.net/images/sJIMOFCIts_small.webp,Kümmel,,,5,0.6
https://glycemic-index.net/images/aJjN45zUYU_small.webp,Kürbisbrot,,,40,17.0
https://glycemic-index.net/images/x1IPEqhWxo_small.webp,Lasagne,,,47,7.0
https://glycemic-index.net/images/yF5FDesw2z_small.webp,Lauch,,,15,1.2
https://glycemic-index.net/images/yU8Ddxi9e9_small.webp,Leinen,,,35,9.7
https://glycemic-index.net/images/W3oADEugRI_small.webp,Leinsamen,,,35,0.6
https://glycemic-index.net/images/hA5psXgx4E_small.webp,Linsen (gelb),,,30,19.6
https://glycemic-index.net/images/AuDYcOqN67_small.webp,Linsen (grün),,,25,12.5
https://glycemic-index.net/images/GsPRZnSEVI_small.webp,Linsensprossen,,,25,5.5
https://glycemic-index.net/images/XoGJb9Z365_small.webp,Linsensuppe,,,30,2.4
https://glycemic-index.net/images/9XEp5SRP5P_small.webp,Linsensuppenpüree,,,44,6.6
https://glycemic-index.net/images/v8gwqvOZ83_small.webp,Litschi (frisches Obst),,,50,7.6
https://glycemic-index.net/images/hnSoheV4da_small.webp,Lotus (Wurzelpulver),,,33,4.1
https://glycemic-index.net/images/iD3g2Ugagq_small.webp,Lupine,,,15,6.1
https://glycemic-index.net/images/e9W8RdAnmc_small.webp,Mageres Schweinefleisch,,,0,0.0
https://glycemic-index.net/images/KgtVOnZgXw_small.webp,Magermilch,,,31,1.5
https://glycemic-index.net/images/gmFq7H2Qq7_small.webp,Magermilch,,,27,0.1
https://glycemic-index.net/images/WnIYmOZAjV_small.webp,Mais,,,48,8.9
https://glycemic-index.net/images/6yz2XiA8zX_small.webp,Maissirup,,,15,11.7
https://glycemic-index.net/images/JAnXwX02Tj_small.webp,"Makronen, Kokosmehl",,,32,18.1
https://glycemic-index.net/images/wh35gQB4zd_small.webp,Mandarin,,,30,3.9
https://glycemic-index.net/images/oEy3kx48Pv_small.webp,Mandarine (in Dosen),,,47,4.2
https://glycemic-index.net/images/utK4OIENj7_small.webp,"Mandarinen, Mandarinen, Satsuma (frisch)",,,30,3.9
https://glycemic-index.net/images/OCWai9RgtR_small.webp,Mandel,,,15,1.9
https://glycemic-index.net/images/ywJvDrsmJ8_small.webp,Mandelmilch,,,30,3.9
https://glycemic-index.net/images/LzvegOXf0K_small.webp,Mandelpaste (zuckerfrei),,,35,15.1
https://glycemic-index.net/images/AOA1AylMq8_small.webp,Mandelöl,,,25,0.0
https://glycemic-index.net/images/aKxzP1f1l4_small.webp,Margarine,,,0,0.0
https://glycemic-index.net/images/EA6KVk1rdP_small.webp,Marmelade,,,51,47.5
https://glycemic-index.net/images/rG5x3tQt9D_small.webp,Marmelade (zuckerfrei),,,30,22.2
https://glycemic-index.net/images/bzEVMPuzl6_small.webp,Mayonnaise (hausgemacht),,,0,0.0
https://glycemic-index.net/images/fNKz0UGo0R_small.webp,"Meeresfrüchte (Austern, Garnelen, Muscheln usw,)",,,0,0.0
https://glycemic-index.net/images/LB6VyJooF6_small.webp,Meerrettich,,,10,1.1
https://glycemic-index.net/images/JC61jucNub_small.webp,Mehrkornplätzchen,,,51,33.2
https://glycemic-index.net/images/IzGKTok2K1_small.webp,Melonenbirne (Pepino),,,40,8.0
https://glycemic-index.net/images/Aq4PG5y0BP_small.webp,Milch,,,31,1.6
https://glycemic-index.net/images/DH95J29Bn2_small.webp,Milchschokolade,,,49,28.9
https://glycemic-index.net/images/3eSdDjOkXX_small.webp,Mispel japanische Pflaume,,,55,5.7
https://glycemic-index.net/images/R8PbwV4k0C_small.webp,Mohn,,,35,9.8
https://glycemic-index.net/images/rbrf2L9Mf2_small.webp,Moltebeere (frische Beeren),,,25,1.7
https://glycemic-index.net/images/jsX5boYUXg_small.webp,Mungobohne Mung,,,25,15.8
https://glycemic-index.net/images/fXyc7GNkSE_small.webp,Müsli (zuckerfrei),,,50,23.6
https://glycemic-index.net/images/CJuxUSJcx0_small.webp,"Müsliriegel, Glutenfrei",,,50,37.1
https://glycemic-index.net/images/Kr72oe7NYh_small.webp,Natürliche Milch,,,32,1.3
https://glycemic-index.net/images/3VJbiXMPqZ_small.webp,Nektarine (frisches Obst),,,35,4.1
https://glycemic-index.net/images/rAvbRqZfHM_small.webp,Nieren (geschmort),,,0,0.0
https://glycemic-index.net/images/0sEUiYPzDC_small.webp,Nussbaum,,,15,2.1
https://glycemic-index.net/images/X6lyiSWTNA_small.webp,Nüsse (mit Rosinen mischen),,,21,9.8
https://glycemic-index.net/images/wz23ObtO4B_small.webp,Obstbrot,,,47,24.4
https://glycemic-index.net/images/xIop8is254_small.webp,Oliven,,,15,0.9
https://glycemic-index.net/images/OHjnvj2hLa_small.webp,Olivenöl,,,0,0.0
https://glycemic-index.net/images/vIOhMvy9eB_small.webp,Omelette,,,49,7.3
https://glycemic-index.net/images/7hre17eZtj_small.webp,Orache,,,53,34.0
https://glycemic-index.net/images/rpaE64Cepa_small.webp,Orange (frisches Obst),,,35,4.1
https://glycemic-index.net/images/wX4P5Ns5iP_small.webp,Orangensaft,,,48,4.8
https://glycemic-index.net/images/ETyGQ4KY1f_small.webp,Orangensaft (frisch gepresst und zuckerfrei),,,45,4.8
https://glycemic-index.net/images/ueoIRW9iCA_small.webp,Oregano,,,5,3.2
https://glycemic-index.net/images/HtdmCDweEo_small.webp,Palm Fruchtfleisch,,,20,1.2
https://glycemic-index.net/images/9b1MjxmGU2_small.webp,Pampelmuse,,,30,3.0
https://glycemic-index.net/images/6YmocU0iWE_small.webp,"Pampelmuse, Sheddock (frisch)",,,25,2.0
https://glycemic-index.net/images/uopzFKnNAh_small.webp,"Paprika (rot, grün), Paprika",,,15,1.0
https://glycemic-index.net/images/kT66RpOnic_small.webp,Passionsfrucht,,,30,6.9
https://glycemic-index.net/images/LlgZyBIdx6_small.webp,"Passionsfrucht, Granadilla (frisch)",,,30,4.0
https://glycemic-index.net/images/zUopTvrRLp_small.webp,Pasta,,,50,15.4
https://glycemic-index.net/images/eJyUSxvdLq_small.webp,Pasta (aus Hartweizen),,,50,11.6
https://glycemic-index.net/images/To0S9MaQSQ_small.webp,"Pepino, Melonenbirne",,,40,8.0
https://glycemic-index.net/images/VFAuFPjmr5_small.webp,Perlovka,,,25,18.4
https://glycemic-index.net/images/JqxMhkTLsL_small.webp,"Persimmon, Persimmon Ost (frisch)",,,50,7.7
https://glycemic-index.net/images/K14f4FB7GH_small.webp,Pesto-Sauce),,,15,0.9
https://glycemic-index.net/images/BcBvqGxyMJ_small.webp,Petersilie,,,15,0.9
https://glycemic-index.net/images/PPn90kZvHW_small.webp,Petersilie (gekocht),,,52,3.3
https://glycemic-index.net/images/FVRSYndNy8_small.webp,Pfirsich (frisches Obst),,,35,4.0
https://glycemic-index.net/images/HaBL3pZPpC_small.webp,Pfirsich (in Sirup konserviert),,,55,8.1
https://glycemic-index.net/images/DE4puH02OB_small.webp,Pflanzenfett,,,0,0.0
https://glycemic-index.net/images/8JeWvVGEHV_small.webp,Pflaumen,,,40,25.6
https://glycemic-index.net/images/azVoBJd4Xb_small.webp,Pflaumen (frisch),,,35,3.9
https://glycemic-index.net/images/6NC6QFHgdX_small.webp,Physalis,,,15,0.6
https://glycemic-index.net/images/5Xnq0YR4LL_small.webp,Pilze,,,15,0.8
https://glycemic-index.net/images/dU7glVH0OI_small.webp,Pilze (gekocht),,,36,1.9
https://glycemic-index.net/images/S3tSr3aP5R_small.webp,Pinienkerne,,,15,2.9
https://glycemic-index.net/images/0rLdgQBEjd_small.webp,Pinienkerne,,,15,1.9
https://glycemic-index.net/images/Ru1KySjFE5_small.webp,Pistazien,,,15,4.2
https://glycemic-index.net/images/ucA2AgsKRB_small.webp,Plantano (roh),,,45,13.6
https://glycemic-index.net/images/0whBPqr8Nz_small.webp,Platano (roh),,,45,14.4
https://glycemic-index.net/images/LTFRYZCnFS_small.webp,"Pommes, Mais, gesalzen",,,42,25.6
https://glycemic-index.net/images/t9LKSY5zLU_small.webp,Popcorn,,,55,40.7
https://glycemic-index.net/images/ezy1Nn0KGO_small.webp,Praline mit Süßungsmitteln,,,23,8.2
https://glycemic-index.net/images/9qStdGVQiU_small.webp,Pumpernickelbrot,,,45,21.6
https://glycemic-index.net/images/k6Xaw5gM9X_small.webp,Quark,,,45,10.3
https://glycemic-index.net/images/RDiUTiNFQH_small.webp,Quetschen,,,15,0.7
https://glycemic-index.net/images/IKy75I7PSL_small.webp,Quinoa (gekocht),,,35,7.3
https://glycemic-index.net/images/eGTbT1ZhLy_small.webp,Quinoa (unvorbereitet),,,40,22.8
https://glycemic-index.net/images/LHsOCckULt_small.webp,Quinoa-Mehl,,,40,22.9
https://glycemic-index.net/images/0jKhjJfCZt_small.webp,Quitte (Dose / Gelee ohne Zucker),,,40,3.8
https://glycemic-index.net/images/7ZNvLxfXTE_small.webp,Quitte (frisches Obst),,,35,3.4
https://glycemic-index.net/images/BgIUlPljcG_small.webp,Ratatouille,,,20,1.0
https://glycemic-index.net/images/tWJhbQuWer_small.webp,Ravioli (aus Hartweizen),,,40,11.6
https://glycemic-index.net/images/mw0hqDb0Vb_small.webp,Rettich,,,15,0.5
https://glycemic-index.net/images/M8bsWZH9pU_small.webp,Rhabarber,,,15,0.4
https://glycemic-index.net/images/HTGRpwuPAT_small.webp,Rinderhirne,,,0,0.0
https://glycemic-index.net/images/lHIJawTftL_small.webp,"Rindfleisch (Steak etc,)",,,0,0.0
https://glycemic-index.net/images/BUQhsXwO84_small.webp,Roastbeefleber,,,50,0.0
https://glycemic-index.net/images/jjbeOf9jdn_small.webp,Roggenflocken,,,45,37.2
https://glycemic-index.net/images/GRVoS9UMZ7_small.webp,Roggenmehl (mittel gemahlen),,,50,27.9
https://glycemic-index.net/images/g21bsCR0bc_small.webp,Roggenvollkornmehl,,,45,28.9
https://glycemic-index.net/images/4zgqU2MdbX_small.webp,Rosenkohl,,,15,0.3
https://glycemic-index.net/images/7pNHzOWyJt_small.webp,Rosenkohl (frisch),,,15,1.1
https://glycemic-index.net/images/FSvdK8KYhi_small.webp,Rote Beete,,,15,0.6
https://glycemic-index.net/images/9z70lpgdHd_small.webp,Rote Beete (frisch),,,30,2.6
https://glycemic-index.net/images/eCkzzWodo6_small.webp,Rote Johannisbeere (frische Beere),,,25,1.9
https://glycemic-index.net/images/8RSFA6HOhB_small.webp,Roter Kaviar,,,0,0.0
https://glycemic-index.net/images/VwOQQ4UetN_small.webp,Rübe (roh),,,30,1.9
https://glycemic-index.net/images/wDbWhaURYF_small.webp,"Rübe, Rübe (frisch)",,,30,1.8
https://glycemic-index.net/images/wcPRYljXmn_small.webp,Sahne,,,30,1.1
https://glycemic-index.net/images/NRCu0W2Vie_small.webp,Sahne (10%),,,25,1.1
https://glycemic-index.net/images/5TvXfYEeIF_small.webp,Sahne (18%),,,30,1.1
https://glycemic-index.net/images/olZpVHcQgf_small.webp,Sahne (30%),,,33,1.2
https://glycemic-index.net/images/EwIGM5MslH_small.webp,"Salat (""Eisberg"", Blatt, Rucola usw,)",,,15,0.3
https://glycemic-index.net/images/zK7RYlFq6l_small.webp,Salat (frisch),,,15,0.5
https://glycemic-index.net/images/qIXr6ZAE3H_small.webp,Salzgurken,,,15,0.3
https://glycemic-index.net/images/j6ARF7cPw2_small.webp,Samen (Kürbis),,,25,13.5
https://glycemic-index.net/images/t0tqZiR3iM_small.webp,Sanddorn,,,30,0.8
https://glycemic-index.net/images/ox6EW17cl6_small.webp,Sauerampfer,,,15,0.0
https://glycemic-index.net/images/EWsaroROjG_small.webp,Sauerkraut,,,15,0.8
https://glycemic-index.net/images/KyGKd7bJKC_small.webp,Sauerrahm,,,15,0.6
https://glycemic-index.net/images/8CUGCiBN2K_small.webp,Saure Sahne (20%),,,25,0.8
https://glycemic-index.net/images/JiO03zPMbD_small.webp,Schalotte,,,15,2.5
https://glycemic-index.net/images/sTEKBo09B9_small.webp,"Schinken, in Scheiben geschnitten, Würstchen",,,0,0.0
https://glycemic-index.net/images/Ti2hxz0aJk_small.webp,Schmalz,,,0,0.0
https://glycemic-index.net/images/NKiCThyGNc_small.webp,Schokolade,,,49,29.9
https://glycemic-index.net/images/XmneFBrry6_small.webp,Schokolade (+ 70% Kakao),,,25,9.0
https://glycemic-index.net/images/0FdQ7bqp5M_small.webp,Schokoladenmilch,,,34,3.7
https://glycemic-index.net/images/coYa36rEN9_small.webp,Schwarze Johannisbeere (frische Beere),,,15,1.1
https://glycemic-index.net/images/gw0lY0Y3hx_small.webp,Schwarze Oliven,,,15,4.8
https://glycemic-index.net/images/huK1SHET9p_small.webp,Schwarzwurzel (Kozelec),,,30,0.3
https://glycemic-index.net/images/HZ25wqTgPA_small.webp,Schweinekoteletts,,,50,9.8
https://glycemic-index.net/images/u2IbC3csuZ_small.webp,Sellerie (frisch),,,15,0.3
https://glycemic-index.net/images/3Z2guoUaaT_small.webp,Senf (mit Zucker),,,55,5.9
https://glycemic-index.net/images/Frgy4vYPKE_small.webp,Sesam,,,35,8.1
https://glycemic-index.net/images/mxVLQKjE8i_small.webp,"Sesampaste, Tahini",,,40,4.9
https://glycemic-index.net/images/FN7K8PxdJM_small.webp,Sesamsamen,,,35,4.3
https://glycemic-index.net/images/dorInXt9PW_small.webp,"Shortbread Cookies (Integral Mehl, zuckerfrei)",,,40,17.2
https://glycemic-index.net/images/autdrBvHJn_small.webp,Soja-Sahne,,,20,12.9
https://glycemic-index.net/images/HUdnn7NyoT_small.webp,Sojabohne,,,15,4.5
https://glycemic-index.net/images/4mpMdGu8bT_small.webp,Sojabohnen,,,15,4.5
https://glycemic-index.net/images/ly78a4t9tc_small.webp,Sojajoghurt (natürlich),,,20,1.6
https://glycemic-index.net/images/oWoZpBIW98_small.webp,Sojamehl,,,25,4.5
https://glycemic-index.net/images/qYDSP9L9Ih_small.webp,Sojamilch,,,30,1.8
https://glycemic-index.net/images/XieGTQ0hTP_small.webp,Sojamilch-Eis,,,35,6.0
https://glycemic-index.net/images/taGJN8Gdm1_small.webp,Sojasauce,,,20,1.0
https://glycemic-index.net/images/fpPNe8KJ2d_small.webp,Sojasuppennudeln,,,30,24.6
https://glycemic-index.net/images/0Wj5C8VoUS_small.webp,Sonnenblumenkerne),,,35,7.0
https://glycemic-index.net/images/9PeKbAXPB4_small.webp,Sorbet (zuckerfrei),,,40,4.8
https://glycemic-index.net/images/BJfQ50U8j0_small.webp,Sorbett,,,50,27.6
https://glycemic-index.net/images/x3bhaxQ32z_small.webp,Spaghetti (gut gekocht),,,55,12.8
https://glycemic-index.net/images/d01pqDzbfz_small.webp,Spaghetti Bolognese,,,52,9.9
https://glycemic-index.net/images/IuYzLarzjB_small.webp,Spaghetti al dente,,,45,21.5
https://glycemic-index.net/images/aLKUM0nMUM_small.webp,Spargel,,,15,0.6
https://glycemic-index.net/images/89tbaL0LU1_small.webp,Spinat,,,15,0.3
https://glycemic-index.net/images/hJsBIrRB8x_small.webp,Stevia,,,0,0.0
https://glycemic-index.net/images/IwvatkONMQ_small.webp,Suppe mit Hähnchen und Champignons,,,46,0.7
https://glycemic-index.net/images/soFV3TavEz_small.webp,Surimi (gehackter Fisch in Krabbenstangen),,,50,3.4
https://glycemic-index.net/images/6H4GzNmHRc_small.webp,Sushi,,,55,11.6
https://glycemic-index.net/images/bp0R62KfHq_small.webp,"Sushi, Lachs",,,48,7.3
https://glycemic-index.net/images/KRwj8fdVsw_small.webp,Süße Kirsche,,,25,0.1
https://glycemic-index.net/images/hW1I5jROrw_small.webp,Süßer Joghurt,,,52,4.7
https://glycemic-index.net/images/MV35pxW8XP_small.webp,Süßer Pfeffer,,,15,0.8
https://glycemic-index.net/images/C8CjgNEt75_small.webp,Tagliatelle (gut gekocht),,,55,34.8
https://glycemic-index.net/images/UJlj58QE51_small.webp,Tahin,,,40,8.4
https://glycemic-index.net/images/gtEHCiwP6N_small.webp,Taro,,,48,12.7
https://glycemic-index.net/images/wFM5C8JtDg_small.webp,Tempeh,,,15,1.4
https://glycemic-index.net/images/rrzt9xiR0i_small.webp,"Tofu, Bohnengallerte",,,15,0.1
https://glycemic-index.net/images/47GfhbjMs2_small.webp,Tofu-Käse,,,15,0.6
https://glycemic-index.net/images/4E4TABVLrL_small.webp,Tomaten,,,30,1.1
https://glycemic-index.net/images/rKqqPwo8Gv_small.webp,Tomaten (frisch),,,30,1.1
https://glycemic-index.net/images/YW5NAuceCx_small.webp,Tomaten (getrocknet),,,35,10.2
https://glycemic-index.net/images/7yqx6eo0Mt_small.webp,Tomatenpüree,,,35,3.1
https://glycemic-index.net/images/oNTp5iDJJN_small.webp,Tomatensaft,,,35,1.5
https://glycemic-index.net/images/XGBf8G5Ca5_small.webp,"Tomatensauce (natürlich, zuckerfrei)",,,35,1.3
https://glycemic-index.net/images/pRbaM1hV6d_small.webp,Tomatensuppe,,,38,2.7
https://glycemic-index.net/images/dSrjzfXdoR_small.webp,Topinambur (frisch),,,50,6.4
https://glycemic-index.net/images/KRo2H5Bn7F_small.webp,"Tortilla, weißer Mais",,,49,23.1
https://glycemic-index.net/images/v9Ohu5nPmA_small.webp,"Trauben, grün (roh)",,,45,5.4
https://glycemic-index.net/images/v9Ohu5nPmA3Os1_small.webp,"Trauben, rot (roh)",,,45,8.1
https://glycemic-index.net/images/4dUrBbLets_small.webp,Traubensaft (ungesüßt),,,45,6.9
https://glycemic-index.net/images/NY6dnPTsvF_small.webp,Traubensaft (zuckerfrei),,,55,9.3
https://glycemic-index.net/images/UFfWKNL8LX_small.webp,Trockener Apfelwein,,,40,11.6
https://glycemic-index.net/images/B0KBqk5HqJ_small.webp,Truthahn,,,0,0.0
https://glycemic-index.net/images/nffAzHjmOi_small.webp,Truthahn (gekocht),,,0,0.0
https://glycemic-index.net/images/Pc2chqZaW0_small.webp,Ungeschälter Basmatireis,,,45,33.8
https://glycemic-index.net/images/8fpDPNHR5j_small.webp,Urd Bean (gedämpft),,,43,27.1
https://glycemic-index.net/images/YUGjLexOIh_small.webp,Vanille,,,5,3.3
https://glycemic-index.net/images/C89Mc0DwEd_small.webp,Vollkorn (Roggen),,,34,19.0
https://glycemic-index.net/images/Mlh6v0AMNd_small.webp,Vollkorn-Spaghetti,,,40,10.6
https://glycemic-index.net/images/lNb9MAdgI8_small.webp,Vollkornbrot,,,40,15.9
https://glycemic-index.net/images/vp1sNEFsje_small.webp,Vollkornnudeln,,,40,10.6
https://glycemic-index.net/images/pet0naf4k9_small.webp,Vollkornnudeln,,,50,32.1
https://glycemic-index.net/images/mIqW2wwMxP_small.webp,Vollkornnudeln von al dente,,,40,14.6
https://glycemic-index.net/images/fGNwjcRCmT_small.webp,Vollkornweizen,,,45,26.8
https://glycemic-index.net/images/CcjBBjdE4b_small.webp,Vollmilch,,,34,1.6
https://glycemic-index.net/images/sumn8qertD_small.webp,Vollmilch 3%,,,27,1.2
https://glycemic-index.net/images/IBuvGflLau_small.webp,Walnüsse,,,15,1.1
https://glycemic-index.net/images/LBaDaFsSpc_small.webp,Weizenflocken,,,45,27.4
https://glycemic-index.net/images/PRpCaFdWjA_small.webp,Weiße Bohnen (gekocht),,,33,8.3
https://glycemic-index.net/images/In6joHnczH_small.webp,Weiße Mandelpaste / Püree (ohne Süßstoffe),,,35,16.7
https://glycemic-index.net/images/DfrkGNjkW3_small.webp,"Weißer Mais, Zuckermais, gefrorener Mais",,,55,10.4
https://glycemic-index.net/images/mXvhCorXZe_small.webp,Weißkohl,,,15,0.9
https://glycemic-index.net/images/2IAq2Vv0K8_small.webp,Wildreis,,,45,33.8
https://glycemic-index.net/images/JjGit16DJq_small.webp,Wildreis (schwarz),,,35,26.3
https://glycemic-index.net/images/fIPy3LdaCp_small.webp,Würste,,,28,6.7
https://glycemic-index.net/images/4CLnVyxdN2_small.webp,Würste,,,30,0.6
https://glycemic-index.net/images/R9F0rKZWSK_small.webp,Ziegenmilch,,,24,1.1
https://glycemic-index.net/images/yhali4p297_small.webp,Zimt,,,5,2.9
https://glycemic-index.net/images/4HiWMteTeR_small.webp,Zitrone (frisches Obst),,,20,0.6
https://glycemic-index.net/images/iYbYuHuo26_small.webp,Zitronensaft (ungesüßt),,,20,0.6
https://glycemic-index.net/images/Gjg89KhEjc_small.webp,Zucchini,,,15,0.5
https://glycemic-index.net/images/JYdUyUKExr_small.webp,Zwiebel (frisch),,,15,1.6
https://glycemic-index.net/images/bJuS6MzOHV_small.webp,brauner Reis,,,50,36.5
https://glycemic-index.net/images/ZrKrG8Noiu_small.webp,chinesische Nudeln,,,35,23.4
https://glycemic-index.net/images/TWElHhyyLn_small.webp,dijon Senf,,,35,3.3
https://glycemic-index.net/images/ylVEkxRjYr_small.webp,rote Bohnen,,,35,18.4
https://glycemic-index.net/images/GOhNvdqaVw_small.webp,roter Reis,,,55,38.8
https://glycemic-index.net/images/aTDRzbstov_small.webp,weiße Bohnen,,,35,21.4
https://glycemic-index.net/images/RnY7mve9on_small.webp,weiße Bohnen,,,35,22.4
https://glycemic-index.net/images/WtC5GO8bse_small.webp,weiße Schokolade,,,44,26.0
https://glycemic-index.net/images/pUxrArCQGL_small.webp,Überfliegen Sie Käse,,,30,0.4
https://glycemic-index.net/images/hx1NpTnj1I_small.webp,Ahornsirup,,,65,43.5
https://glycemic-index.net/images/0a37JgGQOB_small.webp,Ananas,,,66,8.6
https://glycemic-index.net/images/xCmLJ6O3IK_small.webp,Ananas (in Sirup konserviert),,,65,10.1
https://glycemic-index.net/images/gyPa5fH3eT_small.webp,Aprikosen (in Sirup konserviert),,,60,12.9
https://glycemic-index.net/images/XrJXyk3SWR_small.webp,Beef Stroganoff,,,56,7.3
https://glycemic-index.net/images/j6ZsyWsRUx_small.webp,Brotfrucht,,,65,17.6
https://glycemic-index.net/images/CIj5N57PeH_small.webp,Brown Hefebrot,,,65,26.0
https://glycemic-index.net/images/XgwvsOISwR_small.webp,Buchweizennudeln,,,59,41.6
https://glycemic-index.net/images/kxh00IHEJk_small.webp,Couscous,,,60,12.0
https://glycemic-index.net/images/SPHN3Fxzm0_small.webp,Dessert Banane (reif),,,60,13.1
https://glycemic-index.net/images/vErOVlpzPz_small.webp,Eipulver,,,60,2.7
https://glycemic-index.net/images/vUFiyRIJp7_small.webp,Eis,,,62,14.9
https://glycemic-index.net/images/ka0WbGBCUS_small.webp,Erbsensuppe,,,60,3.7
https://glycemic-index.net/images/lSD2G4ZRoX_small.webp,Erdbeermarmelade (hoher Zucker),,,65,45.5
https://glycemic-index.net/images/RP9LVrO94B_small.webp,"Erfrischungsgetränke (Soda, Cola)",,,60,6.0
https://glycemic-index.net/images/u7yFMMk5TU_small.webp,Falafel (Kichererbse),,,65,28.1
https://glycemic-index.net/images/LG0GCz9phG_small.webp,Fladenbrot,,,69,38.6
https://glycemic-index.net/images/erYdd1oADQ_small.webp,Gekochter Zuckermais,,,60,13.5
https://glycemic-index.net/images/USWwP2d7iv_small.webp,Gelber Mais,,,65,10.1
https://glycemic-index.net/images/SMOuRVJ8CI_small.webp,Gemüsekonserven (Fabrik),,,65,3.4
https://glycemic-index.net/images/ZZgjz2Wsiy_small.webp,Gemüsesuppe,,,60,2.2
https://glycemic-index.net/images/2DpPfqD4qQ_small.webp,Geschältes Weizenmehl (Vollkorn),,,65,44.8
https://glycemic-index.net/images/rfbQO4Zvrg_small.webp,Getrocknete Früchte,,,60,49.8
https://glycemic-index.net/images/JpkEqRDZqw_small.webp,"Hafer, Herkules",,,59,36.0
https://glycemic-index.net/images/70e4GfsVn9_small.webp,"Haferbrei (zerkleinert), Haferflockengerichte",,,60,9.0
https://glycemic-index.net/images/KYY120pdI9_small.webp,Haferflocken (auf dem Wasser gekocht),,,60,9.0
https://glycemic-index.net/images/5u9ctaSrmh_small.webp,Hamburger,,,66,1.3
https://glycemic-index.net/images/9AjnElHjW1_small.webp,Hamburgerbrötchen,,,61,30.1
https://glycemic-index.net/images/QykUwLozkc_small.webp,Hartweizengrieß,,,60,42.4
https://glycemic-index.net/images/RMDApm86k2_small.webp,Honig,,,60,45.8
https://glycemic-index.net/images/y5OG6PbpkS_small.webp,Kastanie,,,60,26.5
https://glycemic-index.net/images/Lwabbo6jIs_small.webp,Kastanienmehl,,,65,46.1
https://glycemic-index.net/images/Rk4YASGlDx_small.webp,Kleiebrot,,,65,29.4
https://glycemic-index.net/images/DuBlOhOvH0_small.webp,Kondensmilch,,,61,32.9
https://glycemic-index.net/images/TZKyQbd6CP_small.webp,Kürbis,,,65,4.5
https://glycemic-index.net/images/WdF8qhD0Vo_small.webp,Langkornreis,,,60,46.8
https://glycemic-index.net/images/Z3bm3z9k2B_small.webp,Maischips,,,63,28.8
https://glycemic-index.net/images/4PlycJCZzw_small.webp,Maisteigwaren,,,68,46.4
https://glycemic-index.net/images/GjyXdrhDeQ_small.webp,Mango,,,56,8.4
https://glycemic-index.net/images/1IMqUlEzmM_small.webp,Marmelade mit Zucker,,,65,49.8
https://glycemic-index.net/images/6DxXC4mWiA_small.webp,Mayonnaise (gesüßt),,,60,0.2
https://glycemic-index.net/images/ZrLfAv7vun_small.webp,Melone,,,65,5.2
https://glycemic-index.net/images/FZOfamIeW1_small.webp,Milchbrot,,,60,29.9
https://glycemic-index.net/images/Paau8TtTTo_small.webp,Müsli,,,56,31.6
https://glycemic-index.net/images/9AJli1lvL9_small.webp,Müsli (mit Zucker oder Honig),,,65,43.8
https://glycemic-index.net/images/dJXxO0LTMg_small.webp,Papaya (frisch),,,60,5.5
https://glycemic-index.net/images/GMDIa0nKMe_small.webp,Perlgerste (gedämpft),,,60,40.1
https://glycemic-index.net/images/kDsILe8Ikw_small.webp,Pfannkuchen,,,66,16.6
https://glycemic-index.net/images/9zwTGMvNjC_small.webp,Pita-Brot,,,57,31.9
https://glycemic-index.net/images/DWNRAHikTn_small.webp,Pizza,,,60,19.8
https://glycemic-index.net/images/SUcktOtukg_small.webp,Quitte (Dose / Gelee mit Zucker),,,65,7.2
https://glycemic-index.net/images/EmHph95itV_small.webp,Reis Jasmin,,,60,44.0
https://glycemic-index.net/images/n3cALhEbzZ_small.webp,Reisnudeln,,,65,16.2
https://glycemic-index.net/images/IIpvhCrZUk_small.webp,Reiswaffeln,,,64,52.3
https://glycemic-index.net/images/xEVRLZ9gy0_small.webp,Roggenbrot,,,65,31.2
https://glycemic-index.net/images/6c7JkJrSwq_small.webp,Roggencracker,,,64,44.8
https://glycemic-index.net/images/cojlILemdp_small.webp,Rosinen,,,65,51.5
https://glycemic-index.net/images/rTDmfMztpn_small.webp,Rosinen (rot und gold),,,65,46.8
https://glycemic-index.net/images/fIy763CLpa_small.webp,Rote-Bete-Saft,,,64,0.0
https://glycemic-index.net/images/DNDiU8uZwI_small.webp,Rüben (Gekocht),,,65,7.0
https://glycemic-index.net/images/i5BE2P6fW6_small.webp,Schmelzkäse,,,57,15.4
https://glycemic-index.net/images/DLoSAjk5jT_small.webp,Schokoladenpulver mit Zucker,,,60,19.1
https://glycemic-index.net/images/Sv1J2eaU7E_small.webp,Shortbread,,,60,32.2
https://glycemic-index.net/images/iiJFUlsp2Q_small.webp,Sorbet,,,65,52.5
https://glycemic-index.net/images/HQd44fM1XC_small.webp,Sorbet (mit Zucker),,,65,17.9
https://glycemic-index.net/images/D9jDWErZqn_small.webp,Stroh,,,60,41.6
https://glycemic-index.net/images/cNjjUr7CnF_small.webp,Süßkartoffel,,,65,18.2
https://glycemic-index.net/images/aswJADQQTd_small.webp,Tamarinde (süß),,,65,40.8
https://glycemic-index.net/images/gw8NS5HckZ_small.webp,Trauben,,,56,9.6
https://glycemic-index.net/images/LOsiyYKzB5_small.webp,"Trauben, schwarz",,,59,11.0
https://glycemic-index.net/images/Kc7lw2I1SN_small.webp,Udon-Nudeln,,,62,8.5
https://glycemic-index.net/images/G0cIgo1Kb3_small.webp,"Vanilleeis (normal, mit Zucker)",,,60,14.4
https://glycemic-index.net/images/JzXU9TeY5Z_small.webp,Vollkornbrot,,,65,31.2
https://glycemic-index.net/images/bY5dz2wm26_small.webp,Vollkornmehl,,,60,33.5
https://glycemic-index.net/images/yYvB4vnIl4_small.webp,Zucker,,,58,58.0
https://glycemic-index.net/images/HG5v8rvGxG_small.webp,Сorn (in Dosen),,,65,26.6
https://glycemic-index.net/images/SeQsN3aQGr_small.webp,Amaranth (analog zu Popcorn),,,70,43.4
https://glycemic-index.net/images/2ZoWmxlMzy_small.webp,Aromatisierter Reis,,,70,56.0
https://glycemic-index.net/images/wAvwnNegxY_small.webp,Arroroot Mehl,,,85,72.0
https://glycemic-index.net/images/maDth31oxn_small.webp,Backwaren (Weizen),,,90,33.9
https://glycemic-index.net/images/ZKf9MlK8Xv_small.webp,Bagel (Weizen),,,70,35.4
https://glycemic-index.net/images/3t56uEo8h4_small.webp,"Bagels, Bagels",,,70,48.1
https://glycemic-index.net/images/a9QuVsuUee_small.webp,Baguette (Vollkorn),,,73,28.3
https://glycemic-index.net/images/km3qgnoJUj_small.webp,Baguette (weiß),,,95,46.5
https://glycemic-index.net/images/J3NNntqqRp_small.webp,Bier,,,70,2.5
https://glycemic-index.net/images/fpEMNt47f0_small.webp,Biscotti (trockene Kekse),,,70,35.0
https://glycemic-index.net/images/BwzZxXhuLA_small.webp,Bohnen (gekocht),,,80,17.2
https://glycemic-index.net/images/aVqmAGjVTX_small.webp,Brioche (Brötchen),,,70,32.9
https://glycemic-index.net/images/UQMe4LTyl7_small.webp,Cornflakes,,,85,55.3
https://glycemic-index.net/images/glPLlX2NZo_small.webp,Cracker,,,80,10.0
https://glycemic-index.net/images/3Vk9PxpEAm_small.webp,Cracker,,,70,50.4
https://glycemic-index.net/images/B7fuVM0MML_small.webp,Croissant,,,70,21.7
https://glycemic-index.net/images/MkHavmQFZu_small.webp,Donuts,,,75,38.3
https://glycemic-index.net/images/UKImnQ8pIo_small.webp,Eine Mischung aus raffiniertem Getreide mit Zucker,,,70,16.2
https://glycemic-index.net/images/PBIXPmSNN3_small.webp,Französisches Baguette aus Weizenmehl,,,70,23.4
https://glycemic-index.net/images/PN9Yh8OJVA_small.webp,Gebratene Kartoffel,,,95,19.1
https://glycemic-index.net/images/oi4HVSFUo6_small.webp,Gekochte Kartoffeln,,,70,12.3
https://glycemic-index.net/images/6MEHjwpdAw_small.webp,Gerstenbrei,,,70,46.1
https://glycemic-index.net/images/vDMgRd52UP_small.webp,Glucose,,,96,94.1
https://glycemic-index.net/images/Mz5hRjqt43_small.webp,Glucosesirup,,,100,70.5
https://glycemic-index.net/images/xCUTQuChu8_small.webp,Glukose (Dextrose),,,100,95.0
https://glycemic-index.net/images/PF77NCPzEW_small.webp,Glutenfreies Weißbrot,,,90,14.0
https://glycemic-index.net/images/ayuloHjTUj_small.webp,Gnocchi,,,70,14.0
https://glycemic-index.net/images/GEtAxp2ZNA_small.webp,"Hafer, Haferbrei, Instantkochen",,,74,41.4
https://glycemic-index.net/images/844AiYOQhL_small.webp,Hirse,,,70,51.1
https://glycemic-index.net/images/unVTpamxef_small.webp,Hirsebrei,,,70,18.9
https://glycemic-index.net/images/BfRX6pbHvo_small.webp,Instant-Kartoffeln,,,87,66.1
https://glycemic-index.net/images/G5OWj96E4s_small.webp,Instant-Reis,,,85,65.5
https://glycemic-index.net/images/wBd1ti8CFq_small.webp,Karotte (gekocht),,,85,4.3
https://glycemic-index.net/images/BfbbSH9czf_small.webp,Kartoffelchips,,,70,37.0
https://glycemic-index.net/images/huD5FbEjr9_small.webp,Kartoffelmehl (Stärke),,,95,78.9
https://glycemic-index.net/images/5T9Y0CC6bD_small.webp,Kartoffelpüree,,,83,11.4
https://glycemic-index.net/images/pajkDcy7fN_small.webp,Keks,,,70,34.0
https://glycemic-index.net/images/eA1bA7JfWt_small.webp,Kekse (Gebäck),,,70,46.2
https://glycemic-index.net/images/AcIZXsUwO8_small.webp,Klebreis,,,90,73.8
https://glycemic-index.net/images/FUVHmFdwBd_small.webp,Knödel,,,86,24.9
https://glycemic-index.net/images/ibu51LJqP8_small.webp,Kondensmilch mit Zucker,,,80,6.8
https://glycemic-index.net/images/rw9aSUpj3j_small.webp,Kürbis (gekocht),,,75,5.3
https://glycemic-index.net/images/QRTCr5Hs81_small.webp,Kürbis Kaviar,,,75,3.6
https://glycemic-index.net/images/F6WYOqPxes_small.webp,Luftreis (analog zu Popcorn),,,85,76.3
https://glycemic-index.net/images/vzZv7xYRqo_small.webp,Lychee (Sirup aus der Dose),,,79,14.8
https://glycemic-index.net/images/9c7MGyNnmB_small.webp,Maismehl,,,70,53.8
https://glycemic-index.net/images/xGK1LPzM8Y_small.webp,Maismehlbrei (Mamalyga),,,70,14.7
https://glycemic-index.net/images/VJzrDCGQgP_small.webp,Maissirup (dunkel),,,115,89.2
https://glycemic-index.net/images/COn109xmws_small.webp,Maisstärke,,,95,80.8
https://glycemic-index.net/images/4O3iltBCDY_small.webp,Maisstärke,,,85,72.3
https://glycemic-index.net/images/74GDlGoEgs_small.webp,Maltodextrin,,,95,94.0
https://glycemic-index.net/images/L8WNIDfAna_small.webp,Matzo (Weißmehl),,,70,58.8
https://glycemic-index.net/images/3Y2IIYAa2A_small.webp,Melasse,,,70,52.5
https://glycemic-index.net/images/1xUDpRImuE_small.webp,Obstriegel (Erdbeere),,,90,60.8
https://glycemic-index.net/images/PfFpjyCX67_small.webp,Ofenkartoffel,,,95,20.0
https://glycemic-index.net/images/uBWy5f1Dky_small.webp,Pastinake,,,85,15.3
https://glycemic-index.net/images/cfhAGI3YFn_small.webp,Pfannkuchen mit Hüttenkäse,,,70,8.4
https://glycemic-index.net/images/ZTVdhnMMjY_small.webp,Platano (gekocht),,,70,27.4
https://glycemic-index.net/images/qv7Mku6eZJ_small.webp,Platano (nur gekocht),,,70,22.4
https://glycemic-index.net/images/Mlh5GfqgHd_small.webp,Pommes frittes,,,75,22.6
https://glycemic-index.net/images/01sqMRHCKr_small.webp,Premium Weizenmehl,,,85,58.6
https://glycemic-index.net/images/NUF1lnAdJl_small.webp,Ravioli (aus Weichweizen),,,70,20.8
https://glycemic-index.net/images/Wcub3iN8hK_small.webp,Reisbrei mit Milch (mit Zucker),,,75,13.6
https://glycemic-index.net/images/0scaIlEz2Z_small.webp,Reisbrot,,,70,48.0
https://glycemic-index.net/images/tvcnRnAAr2_small.webp,Reisflocken,,,80,61.6
https://glycemic-index.net/images/O1mOJwne6V_small.webp,Reiskekse,,,85,58.6
https://glycemic-index.net/images/Oe6K3ZDkwz_small.webp,Reiskuchen,,,85,69.7
https://glycemic-index.net/images/vqDNTitb75_small.webp,Reismehl,,,95,76.1
https://glycemic-index.net/images/6YahKCXm9i_small.webp,Reismilch,,,85,5.5
https://glycemic-index.net/images/jS5TN2lXTh_small.webp,Reissirup,,,100,77.0
https://glycemic-index.net/images/AKCZL3GXd3_small.webp,Risotto,,,70,22.1
https://glycemic-index.net/images/C1Uv9qZg7C_small.webp,"Rutabaga, Futterrüben",,,70,6.1
https://glycemic-index.net/images/uHWJIVcRM7_small.webp,"Rübe (gekocht, gekocht)",,,85,3.9
https://glycemic-index.net/images/jiG8OjhXWw_small.webp,"Rübe, Rübe (gekocht)",,,85,5.1
https://glycemic-index.net/images/Yx6702Slmh_small.webp,"Sandwichbrot, weiß",,,75,39.4
https://glycemic-index.net/images/wthslYkU89_small.webp,Schokoriegel (mit Zucker),,,70,38.1
https://glycemic-index.net/images/rMI2gltinn_small.webp,"Sellerie (gekocht, ohne Salz)",,,85,4.0
https://glycemic-index.net/images/Buo1liHtxx_small.webp,Sirup,,,70,54.8
https://glycemic-index.net/images/dh4BkgP3vI_small.webp,Sorghum,,,70,46.5
https://glycemic-index.net/images/zBi6qlNnBV_small.webp,Sportgetränke,,,75,2.9
https://glycemic-index.net/images/RUwbjuezTD_small.webp,"Süßkartoffel (Batata, Yam)",,,70,11.1
https://glycemic-index.net/images/eUksdh2pTi_small.webp,Tacos,,,70,14.0
https://glycemic-index.net/images/w4OeMhPDp7_small.webp,Tapioka (getrocknet),,,85,74.6
https://glycemic-index.net/images/rvUGchFjPr_small.webp,Termine,,,70,48.4
https://glycemic-index.net/images/KA0omnjciw_small.webp,Waffeln,,,75,54.3
https://glycemic-index.net/images/8qDGgIWMAs_small.webp,Wassermelone,,,75,5.6
https://glycemic-index.net/images/Vy2XOOtMlA_small.webp,Weizenbrot,,,70,34.3
https://glycemic-index.net/images/zwQQH8Nxsv_small.webp,"Weizenmehl, weiß (nicht angereichert)",,,85,62.6
https://glycemic-index.net/images/fA7MrEbvvU_small.webp,Weizensirup,,,100,78.0
https://glycemic-index.net/images/AYB2keTe4N_small.webp,"Weizensirup, Reissirup",,,100,77.0
https://glycemic-index.net/images/7glZbxWPcy_small.webp,"Weißbrot ""Baguette""",,,70,36.0
https://glycemic-index.net/images/IId383BQgI_small.webp,Weißer Reis Standard,,,70,56.0
https://glycemic-index.net/images/WBtmLBI95R_small.webp,Weißmehlbrot,,,90,43.9
https://glycemic-index.net/images/c2cnuHldAk_small.webp,brauner Zucker,,,70,68.6
